[
{
    "abbr": "AF",
    "chinese": "阿富汗",
    "code": "93",
    "english": "Afghanistan",
    "spell": "afuhan",
    "continent": "亚洲",
    "french": "Afghanistan",
    "italian": "Afghanistan",
    "spanish": "Afganistán",
    "japanese": "アフガニスタン",
    "russian": "Афганистан",
    "germen": "Afghanistan"
},
{
    "abbr": "AL",
    "chinese": "阿尔巴尼亚",
    "code": "355",
    "english": "Albania",
    "spell": "aerbaniya",
    "continent": "亚洲",
    "french": "Albanie",
    "italian": "Albania",
    "spanish": "Albania",
    "japanese": "アルバニア",
    "russian": "Албания",
    "germen": "Albanien"
},
{
    "abbr": "DZ",
    "chinese": "阿尔及利亚",
    "code": "213",
    "english": "Algeria",
    "spell": "aerjiliya",
    "continent": "非洲",
    "french": "Algérie",
    "italian": "Algeria",
    "spanish": "Argelia",
    "japanese": "アルジェリア",
    "russian": "Алжир",
    "germen": "Algerien"
},
{
    "abbr": "AO",
    "chinese": "安哥拉",
    "code": "244",
    "english": "Angola",
    "spell": "angela",
    "continent": "非洲",
    "french": "Angola",
    "italian": "Angola",
    "spanish": "Angola",
    "japanese": "アンゴラ",
    "russian": "Ангола",
    "germen": "Angola"
},
{
    "abbr": "AR",
    "chinese": "阿根廷",
    "code": "54",
    "english": "Argentina",
    "spell": "agenting",
    "continent": "南美洲",
    "french": "Argentine",
    "italian": "Argentina",
    "spanish": "Argentina",
    "japanese": "アルゼンチン",
    "russian": "Аргентина",
    "germen": "Argentinien"
},
{
    "abbr": "AM",
    "chinese": "亚美尼亚",
    "code": "374",
    "english": "Armenia",
    "spell": "yameiniya",
    "french": "Arménie",
    "italian": "Armenia",
    "spanish": "Armenia",
    "japanese": "アルメニア",
    "russian": "Армения",
    "germen": "Armenien"
},
{
    "abbr": "AU",
    "chinese": "澳大利亚",
    "code": "61",
    "english": "Australia",
    "spell": "aodaliya",
    "continent": "大洋洲",
    "french": "Îles Cocos",
    "italian": "Isole Cocos e Keeling",
    "spanish": "Islas Cocos o Islas Keeling",
    "japanese": "ココス（キーリング）諸島",
    "russian": "Австралия",
    "germen": "Kokosinseln"
},
{
    "abbr": "AT",
    "chinese": "奥地利",
    "code": "43",
    "english": "Austria",
    "spell": "aodili",
    "continent": "欧洲",
    "french": "Autriche",
    "italian": "Austria",
    "spanish": "Austria",
    "japanese": "オーストリア",
    "russian": "Австрия",
    "germen": "Österreich"
},
{
    "abbr": "AZ",
    "chinese": "阿塞拜疆",
    "code": "994",
    "english": "Azerbaijan",
    "spell": "asaibaijiang",
    "continent": "亚洲",
    "french": "Azerbaïdjan",
    "italian": "Azerbaijan",
    "spanish": "Azerbaiyán",
    "japanese": "アゼルバイジャン",
    "russian": "Азербайджан",
    "germen": "Aserbaidschan"
},
{
    "abbr": "BH",
    "chinese": "巴林",
    "code": "973",
    "english": "Bahrain",
    "spell": "balin",
    "continent": "亚洲",
    "french": "Bahreïn",
    "italian": "Bahrein",
    "spanish": "Bahrein",
    "japanese": "バーレーン",
    "russian": "Бахрейн",
    "germen": "Bahrain"
},
{
    "abbr": "BD",
    "chinese": "孟加拉国",
    "code": "880",
    "english": "Bangladesh",
    "spell": "mengjialaguo",
    "continent": "亚洲",
    "french": "Bangladesh",
    "italian": "Bangladesh",
    "spanish": "Bangladesh",
    "japanese": "バングラデシュ",
    "russian": "Бангладеш",
    "germen": "Bangladesch"
},
{
    "abbr": "BY",
    "chinese": "白俄罗斯",
    "code": "375",
    "english": "Belarus",
    "spell": "baieluosi",
    "french": "Biélorussie",
    "italian": "Bielorussia",
    "spanish": "Bielorrusia",
    "japanese": "ベラルーシ",
    "russian": "Белоруссия",
    "germen": "Weißrussland"
},
{
    "abbr": "BE",
    "chinese": "比利时",
    "code": "32",
    "english": "Belgium",
    "spell": "bilishi",
    "continent": "欧洲",
    "french": "Belgique",
    "italian": "Belgio",
    "spanish": "Bélgica",
    "japanese": "ベルギー",
    "russian": "Бельгия",
    "germen": "Belgien"
},
{
    "abbr": "BZ",
    "chinese": "伯利兹",
    "code": "501",
    "english": "Belize",
    "spell": "bolizi",
    "french": "Belize",
    "italian": "Belize",
    "spanish": "Belice",
    "japanese": "ベリーズ",
    "russian": "Белиз",
    "germen": "Belize"
},
{
    "abbr": "BJ",
    "chinese": "贝宁",
    "code": "229",
    "english": "Benin",
    "spell": "beining",
    "continent": "非洲",
    "french": "Bénin",
    "italian": "Benin",
    "spanish": "Benín",
    "japanese": "ベナン",
    "russian": "Бенин",
    "germen": "Benin"
},
{
    "abbr": "BT",
    "chinese": "不丹",
    "code": "975",
    "english": "Bhutan",
    "spell": "budan",
    "continent": "亚洲",
    "french": "Bhoutan",
    "italian": "Bhutan",
    "spanish": "Bután",
    "japanese": "ブータン",
    "russian": "Бутан",
    "germen": "Bhutan"
},
{
    "abbr": "BO",
    "chinese": "玻利维亚",
    "code": "591",
    "english": "Bolivia",
    "spell": "boliweiya",
    "continent": "南美洲",
    "french": "Bolivie",
    "italian": "Bolivia",
    "spanish": "Bolivia",
    "japanese": "ボリビア多民族国",
    "russian": "Боливия",
    "germen": "Bolivien"
},
{
    "abbr": "BA",
    "chinese": "波斯尼亚和黑塞哥维那",
    "code": "387",
    "english": "Bosnia and Herzegovina",
    "spell": "bosiniyaheheisaigeweinei",
    "french": "Bosnie-Herzégovine",
    "italian": "Bosnia ed Erzegovina",
    "spanish": "Bosnia y Herzegovina",
    "japanese": "ボスニア・ヘルツェゴビナ",
    "russian": "Босния и Герцеговина",
    "germen": "Bosnien und Herzegowina"
},
{
    "abbr": "BW",
    "chinese": "博茨瓦纳",
    "code": "267",
    "english": "Botswana",
    "spell": "bociwana",
    "continent": "非洲",
    "french": "Botswana",
    "italian": "Botswana",
    "spanish": "Botswana",
    "japanese": "ボツワナ",
    "russian": "Ботсвана",
    "germen": "Botswana"
},
{
    "abbr": "BR",
    "chinese": "巴西",
    "code": "55",
    "english": "Brazil",
    "spell": "baxi",
    "continent": "南美洲",
    "french": "Brésil",
    "italian": "Brasile",
    "spanish": "Brasil",
    "japanese": "ブラジル",
    "russian": "Бразилия",
    "germen": "Brasilien"
},
{
    "abbr": "VG",
    "chinese": "英属维京群岛",
    "code": "1284",
    "english": "British Virgin Islands",
    "spell": "yingshuweijingqundao",
    "french": "Îles Vierges britanniques",
    "italian": "Isole Vergini Britanniche",
    "spanish": "Islas Vírgenes del Reino Unido",
    "japanese": "イギリス領ヴァージン諸島",
    "russian": "Британские Виргинские острова",
    "germen": "Britische Jungferninseln"
},
{
    "abbr": "BN",
    "chinese": "文莱",
    "code": "673",
    "english": "Brunei",
    "spell": "wenlai",
    "continent": "亚洲",
    "french": "Brunei",
    "italian": "Brunei",
    "spanish": "Brunei",
    "japanese": "ブルネイ・ダルサラーム",
    "russian": "Bulgaria",
    "germen": "Brunei"
},
{
    "abbr": "BG",
    "chinese": "保加利亚",
    "code": "359",
    "english": "Bulgaria",
    "spell": "baojialiya",
    "continent": "欧洲",
    "french": "Bulgarie",
    "italian": "Bulgaria",
    "spanish": "Bulgaria",
    "japanese": "ブルガリア",
    "russian": "Болгария",
    "germen": "Bulgarien"
},
{
    "abbr": "BF",
    "chinese": "布基纳法索",
    "code": "226",
    "english": "Burkina-faso",
    "spell": "bujinafasuo",
    "french": "Burkina Faso",
    "italian": "Burkina Faso",
    "spanish": "Burkina Faso",
    "japanese": "ブルキナファソ",
    "russian": "Буркина-Фасо",
    "germen": "Burkina Faso"
},
{
    "abbr": "BI",
    "chinese": "布隆迪",
    "code": "257",
    "english": "Burundi",
    "spell": "bulongdi",
    "continent": "非洲",
    "french": "Burundi",
    "italian": "Burundi",
    "spanish": "Burundi",
    "japanese": "ブルンジ",
    "russian": "Бурунди",
    "germen": "Burundi"
},
{
    "abbr": "KH",
    "chinese": "柬埔寨",
    "code": "855",
    "english": "Cambodia",
    "spell": "jianpuzhai",
    "continent": "亚洲",
    "french": "Cambodge",
    "italian": "Cambogia",
    "spanish": "Camboya",
    "japanese": "カンボジア",
    "russian": "Камбоджа",
    "germen": "Kambodscha"
},
{
    "abbr": "CM",
    "chinese": "喀麦隆",
    "code": "237",
    "english": "Cameroon",
    "spell": "kamailong",
    "continent": "非洲",
    "french": "Cameroun",
    "italian": "Camerun",
    "spanish": "Camerún",
    "japanese": "カメルーン",
    "russian": "Камерун",
    "germen": "Kamerun"
},
{
    "abbr": "CA",
    "chinese": "加拿大",
    "code": "1",
    "english": "Canada",
    "spell": "jianada",
    "continent": "北美洲",
    "french": "États-Unis",
    "italian": "Stati Uniti D\u0027America",
    "spanish": "Estados Unidos",
    "japanese": "アメリカ合衆国",
    "russian": "Канада",
    "germen": "Vereinigte Staaten von Amerika"
},
{
    "abbr": "CV",
    "chinese": "佛得角",
    "code": "238",
    "english": "Cape Verde",
    "spell": "fodejiao",
    "continent": "非洲",
    "french": "Cap Vert",
    "italian": "Capo Verde",
    "spanish": "Cabo Verde",
    "japanese": "カーボベルデ",
    "russian": "Кабо-Верде",
    "germen": "Kap Verde"
},
{
    "abbr": "KY",
    "chinese": "开曼群岛",
    "code": "1345",
    "english": "Cayman Islands",
    "spell": "kaimanqundao",
    "french": "Îles Caïmans",
    "italian": "Isole Cayman",
    "spanish": "Islas Caimán",
    "japanese": "ケイマン諸島",
    "russian": "Каймановы Острова",
    "germen": "Kaimaninseln"
},
{
    "abbr": "CF",
    "chinese": "中非共和国",
    "code": "236",
    "english": "Central African Republic",
    "spell": "zhongfeigongheguo",
    "continent": "非洲",
    "french": "République centrafricaine",
    "italian": "Repubblica Centrafricana",
    "spanish": "República Centroafricana",
    "japanese": "中央アフリカ共和国",
    "russian": "Центрально-Африканская Республика",
    "germen": "Zentralafrikanische Republik"
},
{
    "abbr": "TD",
    "chinese": "乍得",
    "code": "235",
    "english": "Chad",
    "spell": "zhade",
    "french": "Tchad",
    "italian": "Ciad",
    "spanish": "Chad",
    "japanese": "チャド",
    "russian": "Чад",
    "germen": "Tschad"
},
{
    "abbr": "CL",
    "chinese": "智利",
    "code": "56",
    "english": "Chile",
    "spell": "zhili",
    "continent": "南美洲",
    "french": "Chili",
    "italian": "Cile",
    "spanish": "Chile",
    "japanese": "チリ",
    "russian": "Чили",
    "germen": "Chile"
},
{
    "abbr": "CN",
    "chinese": "中国",
    "code": "86",
    "english": "China",
    "spell": "zhongguo",
    "continent": "亚洲",
    "french": "Chine",
    "italian": "Cina",
    "spanish": "China",
    "japanese": "中国",
    "russian": "Китай",
    "germen": "China"
},
{
    "abbr": "CO",
    "chinese": "哥伦比亚",
    "code": "57",
    "english": "Colombia",
    "spell": "gelunbiya",
    "continent": "南美洲",
    "french": "Colombie",
    "italian": "Colombia",
    "spanish": "Colombia",
    "japanese": "コロンビア",
    "russian": "Колумбия",
    "germen": "Kolumbien"
},
{
    "abbr": "KM",
    "chinese": "科摩罗",
    "code": "269",
    "english": "Comoros",
    "spell": "kemoluo",
    "french": "Comores",
    "italian": "Comore",
    "spanish": "Comoras",
    "japanese": "コモロ",
    "russian": "Коморские острова",
    "germen": "Union der Komoren"
},
{
    "abbr": "CG",
    "chinese": "刚果(布)",
    "code": "242",
    "english": "Congo - Brazzaville",
    "spell": "gangguo(bu)",
    "continent": "非洲",
    "french": "Congo",
    "italian": "Congo",
    "spanish": "Congo",
    "japanese": "コンゴ共和国",
    "russian": "Конго - Браззавиль",
    "germen": "Kongo"
},
{
    "abbr": "CD",
    "chinese": "刚果(金)",
    "code": "243",
    "english": "Congo - Kinshasa",
    "spell": "gangguo(jin)",
    "french": "Congo (Rép. dém.)",
    "italian": "Congo (Rep. Dem.)",
    "spanish": "Congo (Rep. Dem.)",
    "japanese": "コンゴ民主共和国",
    "russian": "Конго - Киншаса",
    "germen": "Kongo (Dem. Rep.)"
},
{
    "abbr": "CR",
    "chinese": "哥斯达黎加",
    "code": "506",
    "english": "Costa Rica",
    "spell": "gesidalijia",
    "continent": "北美洲",
    "french": "Costa Rica",
    "italian": "Costa Rica",
    "spanish": "Costa Rica",
    "japanese": "コスタリカ",
    "russian": "Коста-Рика",
    "germen": "Costa Rica"
},
{
    "abbr": "HR",
    "chinese": "克罗地亚",
    "code": "385",
    "english": "Croatia",
    "spell": "keluodiya",
    "continent": "欧洲",
    "french": "Croatie",
    "italian": "Croazia",
    "spanish": "Croacia",
    "japanese": "クロアチア",
    "russian": "Хорватия",
    "germen": "Kroatien"
},
{
    "abbr": "CY",
    "chinese": "塞浦路斯",
    "code": "357",
    "english": "Cyprus",
    "spell": "saipulusi",
    "continent": "亚洲",
    "french": "Chypre",
    "italian": "Cipro",
    "spanish": "Chipre",
    "japanese": "キプロス",
    "russian": "Кипр",
    "germen": "Zypern"
},
{
    "abbr": "CZ",
    "chinese": "捷克共和国",
    "code": "420",
    "english": "Czech Republic",
    "spell": "jiekegongheguo",
    "continent": "欧洲",
    "french": "République tchèque",
    "italian": "Repubblica Ceca",
    "spanish": "República Checa",
    "japanese": "チェコ",
    "russian": "Чехия",
    "germen": "Tschechische Republik"
},
{
    "abbr": "DK",
    "chinese": "丹麦",
    "code": "45",
    "english": "Denmark",
    "spell": "danmai",
    "continent": "欧洲",
    "french": "Danemark",
    "italian": "Danimarca",
    "spanish": "Dinamarca",
    "japanese": "デンマーク",
    "russian": "Дания",
    "germen": "Dänemark"
},
{
    "abbr": "DJ",
    "chinese": "吉布提",
    "code": "253",
    "english": "Djibouti",
    "spell": "jibuti",
    "french": "Djibouti",
    "italian": "Gibuti",
    "spanish": "Yibuti",
    "japanese": "ジブチ",
    "russian": "Джибути",
    "germen": "Dschibuti"
},
{
    "abbr": "DO",
    "chinese": "多米尼加共和国",
    "code": "1809",
    "english": "Dominican Republic",
    "spell": "duominijiagongheguo",
    "french": "République dominicaine",
    "italian": "Repubblica Dominicana",
    "spanish": "República Dominicana",
    "japanese": "ドミニカ共和国",
    "russian": "Доминиканская Республика",
    "germen": "Dominikanische Republik"
},
{
    "abbr": "EC",
    "chinese": "厄瓜多尔",
    "code": "593",
    "english": "Ecuador",
    "spell": "eguaduoer",
    "continent": "南美洲",
    "french": "Équateur",
    "italian": "Ecuador",
    "spanish": "Ecuador",
    "japanese": "エクアドル",
    "russian": "Эквадор",
    "germen": "Ecuador"
},
{
    "abbr": "EG",
    "chinese": "埃及",
    "code": "20",
    "english": "Egypt",
    "spell": "aiji",
    "continent": "非洲",
    "french": "Égypte",
    "italian": "Egitto",
    "spanish": "Egipto",
    "japanese": "エジプト",
    "russian": "Египет",
    "germen": "Ägypten"
},
{
    "abbr": "SV",
    "chinese": "萨尔瓦多",
    "code": "503",
    "english": "EI Salvador",
    "spell": "saerwaduo",
    "french": "Salvador",
    "italian": "El Salvador",
    "spanish": "El Salvador",
    "japanese": "エルサルバドル",
    "russian": "EI Сальвадор",
    "germen": "El Salvador"
},
{
    "abbr": "GQ",
    "chinese": "赤道几内亚",
    "code": "240",
    "english": "Equatorial Guinea",
    "spell": "chidaojineiya",
    "continent": "非洲",
    "french": "Guinée-Équatoriale",
    "italian": "Guinea Equatoriale",
    "spanish": "Guinea Ecuatorial",
    "japanese": "赤道ギニア",
    "russian": "Экваториальная Гвинея",
    "germen": "Äquatorial-Guinea"
},
{
    "abbr": "ER",
    "chinese": "厄立特里亚",
    "code": "291",
    "english": "Eritrea",
    "spell": "eliteliya",
    "french": "Érythrée",
    "italian": "Eritrea",
    "spanish": "Eritrea",
    "japanese": "エリトリア",
    "russian": "Эритрея",
    "germen": "Eritrea"
},
{
    "abbr": "EE",
    "chinese": "爱沙尼亚",
    "code": "372",
    "english": "Estonia",
    "spell": "aishaniya",
    "continent": "欧洲",
    "french": "Estonie",
    "italian": "Estonia",
    "spanish": "Estonia",
    "japanese": "エストニア",
    "russian": "Эстония",
    "germen": "Estland"
},
{
    "abbr": "ET",
    "chinese": "埃塞俄比亚",
    "code": "251",
    "english": "Ethiopia",
    "spell": "aisaiebiya",
    "continent": "非洲",
    "french": "Éthiopie",
    "italian": "Etiopia",
    "spanish": "Etiopía",
    "japanese": "エチオピア",
    "russian": "Эфиопия",
    "germen": "Äthiopien"
},
{
    "abbr": "FJ",
    "chinese": "斐济",
    "code": "679",
    "english": "Fiji",
    "spell": "feiji",
    "continent": "大洋洲",
    "french": "Fidji",
    "italian": "Figi",
    "spanish": "Fiyi",
    "japanese": "フィジー",
    "russian": "Фиджи",
    "germen": "Fidschi"
},
{
    "abbr": "FI",
    "chinese": "芬兰",
    "code": "358",
    "english": "Finland",
    "spell": "fenlan",
    "continent": "欧洲",
    "french": "Finlande",
    "italian": "Finlandia",
    "spanish": "Finlandia",
    "japanese": "フィンランド",
    "russian": "Финляндия",
    "germen": "Finnland"
},
{
    "abbr": "FR",
    "chinese": "法国",
    "code": "33",
    "english": "France",
    "spell": "faguo",
    "continent": "欧洲",
    "french": "France",
    "italian": "Francia",
    "spanish": "Francia",
    "japanese": "フランス",
    "russian": "Франция",
    "germen": "Frankreich"
},
{
    "abbr": "GA",
    "chinese": "加蓬",
    "code": "241",
    "english": "Gabon",
    "spell": "jiapeng",
    "continent": "非洲",
    "french": "Gabon",
    "italian": "Gabon",
    "spanish": "Gabón",
    "japanese": "ガボン",
    "russian": "Габон",
    "germen": "Gabun"
},
{
    "abbr": "GM",
    "chinese": "冈比亚",
    "code": "220",
    "english": "Gambia",
    "spell": "gangbiya",
    "continent": "非洲",
    "french": "Gambie",
    "italian": "Gambia",
    "spanish": "Gambia",
    "japanese": "ガンビア",
    "russian": "Гамбия",
    "germen": "Gambia"
},
{
    "abbr": "GE",
    "chinese": "格鲁吉亚",
    "code": "995",
    "english": "Georgia",
    "spell": "gelujiya",
    "french": "Géorgie",
    "italian": "Georgia",
    "spanish": "Georgia",
    "japanese": "グルジア",
    "russian": "Грузия",
    "germen": "Georgien"
},
{
    "abbr": "DE",
    "chinese": "德国",
    "code": "49",
    "english": "Germany",
    "spell": "deguo",
    "continent": "欧洲",
    "french": "Allemagne",
    "italian": "Germania",
    "spanish": "Alemania",
    "japanese": "ドイツ",
    "russian": "Германия",
    "germen": "Deutschland"
},
{
    "abbr": "GH",
    "chinese": "加纳",
    "code": "233",
    "english": "Ghana",
    "spell": "jiana",
    "continent": "非洲",
    "french": "Ghana",
    "italian": "Ghana",
    "spanish": "Ghana",
    "japanese": "ガーナ",
    "russian": "Гана",
    "germen": "Ghana"
},
{
    "abbr": "GR",
    "chinese": "希腊",
    "code": "30",
    "english": "Greece",
    "spell": "xila",
    "continent": "欧洲",
    "french": "Grèce",
    "italian": "Grecia",
    "spanish": "Grecia",
    "japanese": "ギリシャ",
    "russian": "Греция",
    "germen": "Griechenland"
},
{
    "abbr": "GL",
    "chinese": "格陵兰",
    "code": "299",
    "english": "Greenland",
    "spell": "gelinglan",
    "french": "Groenland",
    "italian": "Groenlandia",
    "spanish": "Groenlandia",
    "japanese": "グリーンランド",
    "russian": "Гренландия",
    "germen": "Grönland"
},
{
    "abbr": "GT",
    "chinese": "危地马拉",
    "code": "502",
    "english": "Guatemala",
    "spell": "weidimala",
    "continent": "北美洲",
    "french": "Guatemala",
    "italian": "Guatemala",
    "spanish": "Guatemala",
    "japanese": "グアテマラ",
    "russian": "Гватемала",
    "germen": "Guatemala"
},
{
    "abbr": "GN",
    "chinese": "几内亚",
    "code": "224",
    "english": "Guinea",
    "spell": "jineiya",
    "continent": "非洲",
    "french": "Guinée",
    "italian": "Guinea",
    "spanish": "Guinea",
    "japanese": "ギニア",
    "russian": "Гвинея",
    "germen": "Guinea"
},
{
    "abbr": "GY",
    "chinese": "圭亚那",
    "code": "592",
    "english": "Guyana",
    "spell": "guiyanei",
    "continent": "南美洲",
    "french": "Guyane",
    "italian": "Guyana",
    "spanish": "Guyana",
    "japanese": "ガイアナ",
    "russian": "Гайана",
    "germen": "Guyana"
},
{
    "abbr": "HT",
    "chinese": "海地",
    "code": "509",
    "english": "Haiti",
    "spell": "haidi",
    "continent": "北美洲",
    "french": "Haïti",
    "italian": "Haiti",
    "spanish": "Haiti",
    "japanese": "ハイチ",
    "russian": "Гаити",
    "germen": "Haiti"
},
{
    "abbr": "HN",
    "chinese": "洪都拉斯",
    "code": "504",
    "english": "Honduras",
    "spell": "hongdoulasi",
    "continent": "北美洲",
    "french": "Honduras",
    "italian": "Honduras",
    "spanish": "Honduras",
    "japanese": "ホンジュラス",
    "russian": "Гондурас",
    "germen": "Honduras"
},
{
    "abbr": "HK",
    "chinese": "中国香港特别行政区",
    "code": "852",
    "english": "Hongkong SAR China",
    "spell": "zhongguoxianggangtebiexingzhengqu",
    "continent": "亚洲",
    "french": "Hong Kong",
    "italian": "Hong Kong",
    "spanish": "Hong Kong",
    "japanese": "香港",
    "russian": "Гонконг SAR Китай",
    "germen": "Hong Kong"
},
{
    "abbr": "HU",
    "chinese": "匈牙利",
    "code": "36",
    "english": "Hungary",
    "spell": "xiongyali",
    "continent": "欧洲",
    "french": "Hongrie",
    "italian": "Ungheria",
    "spanish": "Hungría",
    "japanese": "ハンガリー",
    "russian": "Венгрия",
    "germen": "Ungarn"
},
{
    "abbr": "IS",
    "chinese": "冰岛",
    "code": "354",
    "english": "Iceland",
    "spell": "bingdao",
    "continent": "欧洲",
    "french": "Islande",
    "italian": "Islanda",
    "spanish": "Islandia",
    "japanese": "アイスランド",
    "russian": "Исландия",
    "germen": "Island"
},
{
    "abbr": "IN",
    "chinese": "印度",
    "code": "91",
    "english": "India",
    "spell": "yindu",
    "continent": "亚洲",
    "french": "Inde",
    "italian": "India",
    "spanish": "India",
    "japanese": "インド",
    "russian": "Индия",
    "germen": "Indien"
},
{
    "abbr": "ID",
    "chinese": "印度尼西亚",
    "code": "62",
    "english": "Indonesia",
    "spell": "yindunixiya",
    "continent": "亚洲",
    "french": "Indonésie",
    "italian": "Indonesia",
    "spanish": "Indonesia",
    "japanese": "インドネシア",
    "russian": "Индонезия",
    "germen": "Indonesien"
},
{
    "abbr": "IR",
    "chinese": "伊朗",
    "code": "98",
    "english": "Iran",
    "spell": "yilang",
    "continent": "亚洲",
    "french": "Iran",
    "italian": "Iran",
    "spanish": "Iran",
    "japanese": "イラン・イスラム共和国",
    "russian": "Иран",
    "germen": "Iran"
},
{
    "abbr": "IQ",
    "chinese": "伊拉克",
    "code": "964",
    "english": "Iraq",
    "spell": "yilake",
    "continent": "亚洲",
    "french": "Irak",
    "italian": "Iraq",
    "spanish": "Irak",
    "japanese": "イラク",
    "russian": "Ирак",
    "germen": "Irak"
},
{
    "abbr": "IE",
    "chinese": "爱尔兰",
    "code": "353",
    "english": "Ireland",
    "spell": "aierlan",
    "continent": "欧洲",
    "french": "Irlande",
    "italian": "Irlanda",
    "spanish": "Irlanda",
    "japanese": "アイルランド",
    "russian": "Ирландия",
    "germen": "Irland"
},
{
    "abbr": "IM",
    "chinese": "马恩岛",
    "code": "44",
    "english": "Isle of Man",
    "spell": "maendao",
    "french": "Royaume-Uni",
    "italian": "Regno Unito",
    "spanish": "Reino Unido",
    "japanese": "イギリス",
    "russian": "Остров Мэн",
    "germen": "Vereinigtes Königreich"
},
{
    "abbr": "IL",
    "chinese": "以色列",
    "code": "972",
    "english": "Israel",
    "spell": "yiselie",
    "continent": "亚洲",
    "french": "Israël",
    "italian": "Israele",
    "spanish": "Israel",
    "japanese": "イスラエル",
    "russian": "Израиль",
    "germen": "Israel"
},
{
    "abbr": "IT",
    "chinese": "意大利",
    "code": "39",
    "english": "Italy",
    "spell": "yidali",
    "continent": "欧洲",
    "french": "Italie",
    "italian": "Italia",
    "spanish": "Italia",
    "japanese": "イタリア",
    "russian": "Италия",
    "germen": "Italien"
},
{
    "abbr": "CI",
    "chinese": "科特迪瓦",
    "code": "225",
    "english": "Ivory Coast",
    "spell": "ketediwa",
    "french": "Côte d\u0027Ivoire",
    "italian": "Costa D\u0027Avorio",
    "spanish": "Costa de Marfil",
    "japanese": "コートジボワール",
    "russian": "Кот-д'Ивуар",
    "germen": "Elfenbeinküste"
},
{
    "abbr": "JM",
    "chinese": "牙买加",
    "code": "1876",
    "english": "Jamaica",
    "spell": "yamaijia",
    "continent": "北美洲",
    "french": "Jamaïque",
    "italian": "Giamaica",
    "spanish": "Jamaica",
    "japanese": "ジャマイカ",
    "russian": "Ямайка",
    "germen": "Jamaika"
},
{
    "abbr": "JP",
    "chinese": "日本",
    "code": "81",
    "english": "Japan",
    "spell": "riben",
    "continent": "亚洲",
    "french": "Japon",
    "italian": "Giappone",
    "spanish": "Japón",
    "japanese": "日本",
    "russian": "Япония",
    "germen": "Japan"
},
{
    "abbr": "JO",
    "chinese": "约旦",
    "code": "962",
    "english": "Jordan",
    "spell": "yuedan",
    "continent": "亚洲",
    "french": "Jordanie",
    "italian": "Giordania",
    "spanish": "Jordania",
    "japanese": "ヨルダン",
    "russian": "Иордания",
    "germen": "Jordanien"
},
{
    "abbr": "KZ",
    "chinese": "哈萨克斯坦",
    "code": "7",
    "english": "Kazakstan",
    "spell": "hasakesitan",
    "continent": "亚洲",
    "french": "Russie",
    "italian": "Russia",
    "spanish": "Rusia",
    "japanese": "ロシア連邦",
    "russian": "Казахстан",
    "germen": "Russland"
},
{
    "abbr": "KE",
    "chinese": "肯尼亚",
    "code": "254",
    "english": "Kenya",
    "spell": "kenniya",
    "continent": "非洲",
    "french": "Kenya",
    "italian": "Kenya",
    "spanish": "Kenia",
    "japanese": "ケニア",
    "russian": "Кения",
    "germen": "Kenia"
},
{
    "abbr": "KR",
    "chinese": "韩国",
    "code": "82",
    "english": "Korea",
    "spell": "hanguo",
    "continent": "亚洲",
    "french": "Corée du Sud",
    "italian": "Corea del Sud",
    "spanish": "Corea del Sur",
    "japanese": "大韓民国",
    "russian": "Корея",
    "germen": "Südkorea"
},
{
    "abbr": "KW",
    "chinese": "科威特",
    "code": "965",
    "english": "Kuwait",
    "spell": "keweite",
    "continent": "亚洲",
    "french": "Koweït",
    "italian": "Kuwait",
    "spanish": "Kuwait",
    "japanese": "クウェート",
    "russian": "Кувейт",
    "germen": "Kuwait"
},
{
    "abbr": "KG",
    "chinese": "吉尔吉斯斯坦",
    "code": "996",
    "english": "Kyrgyzstan",
    "spell": "jierjisisitan",
    "french": "Kirghizistan",
    "italian": "Kirghizistan",
    "spanish": "Kirguizistán",
    "japanese": "キルギス",
    "russian": "Киргизия",
    "germen": "Kirgisistan"
},
{
    "abbr": "LA",
    "chinese": "老挝",
    "code": "856",
    "english": "Laos",
    "spell": "laowo",
    "continent": "亚洲",
    "french": "Laos",
    "italian": "Laos",
    "spanish": "Laos",
    "japanese": "ラオス人民民主共和国",
    "russian": "Лаос",
    "germen": "Laos"
},
{
    "abbr": "LV",
    "chinese": "拉脱维亚",
    "code": "371",
    "english": "Latvia",
    "spell": "latuoweiya",
    "continent": "欧洲",
    "french": "Lettonie",
    "italian": "Lettonia",
    "spanish": "Letonia",
    "japanese": "ラトビア",
    "russian": "Латвия",
    "germen": "Lettland"
},
{
    "abbr": "LB",
    "chinese": "黎巴嫩",
    "code": "961",
    "english": "Lebanon",
    "spell": "libanen",
    "continent": "亚洲",
    "french": "Liban",
    "italian": "Libano",
    "spanish": "Líbano",
    "japanese": "レバノン",
    "russian": "Ливан",
    "germen": "Libanon"
},
{
    "abbr": "LS",
    "chinese": "莱索托",
    "code": "266",
    "english": "Lesotho",
    "spell": "laisuotuo",
    "french": "Lesotho",
    "italian": "Lesotho",
    "spanish": "Lesotho",
    "japanese": "レソト",
    "russian": "Лесото",
    "germen": "Lesotho"
},
{
    "abbr": "LR",
    "chinese": "利比里亚",
    "code": "231",
    "english": "Liberia",
    "spell": "libiliya",
    "french": "Liberia",
    "italian": "Liberia",
    "spanish": "Liberia",
    "japanese": "リベリア",
    "russian": "Либерия",
    "germen": "Liberia"
},
{
    "abbr": "LY",
    "chinese": "利比亚",
    "code": "218",
    "english": "Libya",
    "spell": "libiya",
    "continent": "非洲",
    "french": "Libye",
    "italian": "Libia",
    "spanish": "Libia",
    "japanese": "リビア",
    "russian": "Ливия",
    "germen": "Libyen"
},
{
    "abbr": "LT",
    "chinese": "立陶宛",
    "code": "370",
    "english": "Lithuania",
    "spell": "litaowan",
    "continent": "欧洲",
    "french": "Lituanie",
    "italian": "Lituania",
    "spanish": "Lituania",
    "japanese": "リトアニア",
    "russian": "Литва",
    "germen": "Litauen"
},
{
    "abbr": "LU",
    "chinese": "卢森堡",
    "code": "352",
    "english": "Luxembourg",
    "spell": "lusenbao",
    "continent": "亚洲",
    "french": "Luxembourg",
    "italian": "Lussemburgo",
    "spanish": "Luxemburgo",
    "japanese": "ルクセンブルク",
    "russian": "Люксембург",
    "germen": "Luxemburg"
},
{
    "abbr": "MO",
    "chinese": "中国澳门特别行政区",
    "code": "853",
    "english": "Macao SAR China",
    "spell": "zhongguoaomentebiexingzhengqu",
    "continent": "亚洲",
    "french": "Macao",
    "italian": "Macao",
    "spanish": "Macao",
    "japanese": "マカオ",
    "russian": "Макао SAR Китай",
    "germen": "Macao"
},
{
    "abbr": "MK",
    "chinese": "马其顿",
    "code": "389",
    "english": "Macedonia",
    "spell": "maqidun",
    "french": "Macédoine",
    "italian": "Macedonia",
    "spanish": "Macedonia",
    "japanese": "マケドニア旧ユーゴスラビア共和国",
    "russian": "Македония",
    "germen": "Mazedonien"
},
{
    "abbr": "MG",
    "chinese": "马达加斯加",
    "code": "261",
    "english": "Madagascar",
    "spell": "madajiasijia",
    "continent": "非洲",
    "french": "Madagascar",
    "italian": "Madagascar",
    "spanish": "Madagascar",
    "japanese": "マダガスカル",
    "russian": "Мадагаскар",
    "germen": "Madagaskar"
},
{
    "abbr": "MW",
    "chinese": "马拉维",
    "code": "265",
    "english": "Malawi",
    "spell": "malawei",
    "french": "Malawi",
    "italian": "Malawi",
    "spanish": "Malawi",
    "japanese": "マラウイ",
    "russian": "Малави",
    "germen": "Malawi"
},
{
    "abbr": "MY",
    "chinese": "马来西亚",
    "code": "60",
    "english": "Malaysia",
    "spell": "malaixiya",
    "continent": "亚洲",
    "french": "Malaisie",
    "italian": "Malesia",
    "spanish": "Malasia",
    "japanese": "マレーシア",
    "russian": "Малайзия",
    "germen": "Malaysia"
},
{
    "abbr": "MV",
    "chinese": "马尔代夫",
    "code": "960",
    "english": "Maldives",
    "spell": "maerdaifu",
    "continent": "亚洲",
    "french": "Maldives",
    "italian": "Maldive",
    "spanish": "Maldivas",
    "japanese": "モルディブ",
    "russian": "Мальдивы",
    "germen": "Malediven"
},
{
    "abbr": "ML",
    "chinese": "马里",
    "code": "223",
    "english": "Mali",
    "spell": "mali",
    "continent": "非洲",
    "french": "Mali",
    "italian": "Mali",
    "spanish": "Mali",
    "japanese": "マリ",
    "russian": "Мали",
    "germen": "Mali"
},
{
    "abbr": "MT",
    "chinese": "马耳他",
    "code": "356",
    "english": "Malta",
    "spell": "maerta",
    "continent": "欧洲",
    "french": "Malte",
    "italian": "Malta",
    "spanish": "Malta",
    "japanese": "マルタ",
    "russian": "Мальта",
    "germen": "Malta"
},
{
    "abbr": "MR",
    "chinese": "毛利塔尼亚",
    "code": "222",
    "english": "Mauritania",
    "spell": "maolitaniya",
    "continent": "非洲",
    "french": "Mauritanie",
    "italian": "Mauritania",
    "spanish": "Mauritania",
    "japanese": "モーリタニア",
    "russian": "Мавритания",
    "germen": "Mauretanien"
},
{
    "abbr": "MU",
    "chinese": "毛里求斯",
    "code": "230",
    "english": "Mauritius",
    "spell": "maoliqiusi",
    "continent": "非洲",
    "french": "Île Maurice",
    "italian": "Mauritius",
    "spanish": "Mauricio",
    "japanese": "モーリシャス",
    "russian": "Маврикий",
    "germen": "Mauritius"
},
{
    "abbr": "MX",
    "chinese": "墨西哥",
    "code": "52",
    "english": "Mexico",
    "spell": "moxige",
    "continent": "北美洲",
    "french": "Mexique",
    "italian": "Messico",
    "spanish": "México",
    "japanese": "メキシコ",
    "russian": "Мексика",
    "germen": "Mexiko"
},
{
    "abbr": "MD",
    "chinese": "摩尔多瓦",
    "code": "373",
    "english": "Moldova",
    "spell": "moerduowa",
    "continent": "欧洲",
    "french": "Moldavie",
    "italian": "Moldavia",
    "spanish": "Moldavia",
    "japanese": "モルドバ共和国",
    "russian": "Молдавия",
    "germen": "Moldawie"
},
{
    "abbr": "MC",
    "chinese": "摩纳哥",
    "code": "377",
    "english": "Monaco",
    "spell": "monage",
    "continent": "欧洲",
    "french": "Monaco",
    "italian": "Principato di Monaco",
    "spanish": "Mónaco",
    "japanese": "モナコ",
    "russian": "Монако",
    "germen": "Monaco"
},
{
    "abbr": "MN",
    "chinese": "蒙古",
    "code": "976",
    "english": "Mongolia",
    "spell": "menggu",
    "continent": "亚洲",
    "french": "Mongolie",
    "italian": "Mongolia",
    "spanish": "Mongolia",
    "japanese": "モンゴル",
    "russian": "Монголия",
    "germen": "Mongolei"
},
{
    "abbr": "ME",
    "chinese": "黑山共和国",
    "code": "382",
    "english": "Montenegro",
    "spell": "heishangongheguo",
    "french": "Monténégro",
    "italian": "Montenegro",
    "spanish": "Montenegro",
    "japanese": "モンテネグロ",
    "russian": "Черногория",
    "germen": "Montenegro"
},
{
    "abbr": "MA",
    "chinese": "摩洛哥",
    "code": "212",
    "english": "Morocco",
    "spell": "moluoge",
    "continent": "非洲",
    "french": "Sahara Occidental",
    "italian": "Sahara Occidentale",
    "spanish": "Sahara Occidental",
    "japanese": "西サハラ",
    "russian": "Марокко",
    "germen": "Westsahara"
},
{
    "abbr": "MZ",
    "chinese": "莫桑比克",
    "code": "258",
    "english": "Mozambique",
    "spell": "mosangbike",
    "continent": "非洲",
    "french": "Mozambique",
    "italian": "Mozambico",
    "spanish": "Mozambique",
    "japanese": "モザンビーク",
    "russian": "Мозамбик",
    "germen": "Mosambik"
},
{
    "abbr": "MM",
    "chinese": "缅甸",
    "code": "95",
    "english": "Myanmar(Burma)",
    "spell": "miandian",
    "french": "Myanmar",
    "italian": "Birmania",
    "spanish": "Myanmar",
    "japanese": "ミャンマー",
    "russian": "Мьянма (Бирма)",
    "germen": "Myanmar"
},
{
    "abbr": "NA",
    "chinese": "纳米比亚",
    "code": "264",
    "english": "Namibia",
    "spell": "namibiya",
    "continent": "非洲",
    "french": "Namibie",
    "italian": "Namibia",
    "spanish": "Namibia",
    "japanese": "ナミビア",
    "russian": "Намибия",
    "germen": "Namibia"
},
{
    "abbr": "NP",
    "chinese": "尼泊尔",
    "code": "977",
    "english": "Nepal",
    "spell": "niboer",
    "continent": "亚洲",
    "french": "Népal",
    "italian": "Nepal",
    "spanish": "Nepal",
    "japanese": "ネパール",
    "russian": "Непал",
    "germen": "Népal"
},
{
    "abbr": "NL",
    "chinese": "荷兰",
    "code": "31",
    "english": "Netherlands",
    "spell": "helan",
    "continent": "欧洲",
    "french": "Pays-Bas",
    "italian": "Paesi Bassi",
    "spanish": "Países Bajos",
    "japanese": "オランダ",
    "russian": "Нидерланды",
    "germen": "Niederlande"
},
{
    "abbr": "NZ",
    "chinese": "新西兰",
    "code": "64",
    "english": "New Zealand",
    "spell": "xinxilan",
    "continent": "大洋洲",
    "french": "Îles Pitcairn",
    "italian": "Isole Pitcairn",
    "spanish": "Islas Pitcairn",
    "japanese": "ピトケアン",
    "russian": "Новая Зеландия",
    "germen": "Pitcairn"
},
{
    "abbr": "NI",
    "chinese": "尼加拉瓜",
    "code": "505",
    "english": "Nicaragua",
    "spell": "nijialagua",
    "continent": "北美洲",
    "french": "Nicaragua",
    "italian": "Nicaragua",
    "spanish": "Nicaragua",
    "japanese": "ニカラグア",
    "russian": "Никарагуа",
    "germen": "Nicaragua"
},
{
    "abbr": "NE",
    "chinese": "尼日尔",
    "code": "227",
    "english": "Niger",
    "spell": "nirier",
    "continent": "非洲",
    "french": "Niger",
    "italian": "Niger",
    "spanish": "Níger",
    "japanese": "ニジェール",
    "russian": "Нигер",
    "germen": "Niger"
},
{
    "abbr": "NG",
    "chinese": "尼日利亚",
    "code": "234",
    "english": "Nigeria",
    "spell": "niriliya",
    "continent": "非洲",
    "french": "Nigéria",
    "italian": "Nigeria",
    "spanish": "Nigeria",
    "japanese": "ナイジェリア",
    "russian": "Нигерия",
    "germen": "Nigeria"
},
{
    "abbr": "KP",
    "chinese": "朝鲜",
    "code": "850",
    "english": "North Korea",
    "spell": "chaoxian",
    "continent": "亚洲",
    "french": "Corée du Nord",
    "italian": "Corea del Nord",
    "spanish": "Corea del Norte",
    "japanese": "朝鮮民主主義人民共和国",
    "russian": "Северная Корея",
    "germen": "Nordkorea"
},
{
    "abbr": "NO",
    "chinese": "挪威",
    "code": "47",
    "english": "Norway",
    "spell": "nuowei",
    "continent": "欧洲",
    "french": "Norvège",
    "italian": "Norvegia",
    "spanish": "Noruega",
    "japanese": "ノルウェー",
    "russian": "Норвегия",
    "germen": "Norwegen"
},
{
    "abbr": "OM",
    "chinese": "阿曼",
    "code": "968",
    "english": "Oman",
    "spell": "aman",
    "continent": "亚洲",
    "french": "Oman",
    "italian": "oman",
    "spanish": "Omán",
    "japanese": "オマーン",
    "russian": "Оман",
    "germen": "Oman"
},
{
    "abbr": "PK",
    "chinese": "巴基斯坦",
    "code": "92",
    "english": "Pakistan",
    "spell": "bajisitan",
    "continent": "亚洲",
    "french": "Pakistan",
    "italian": "Pakistan",
    "spanish": "Pakistán",
    "japanese": "パキスタン",
    "russian": "Пакистан",
    "germen": "Pakistan"
},
{
    "abbr": "PA",
    "chinese": "巴拿马",
    "code": "507",
    "english": "Panama",
    "spell": "banama",
    "continent": "北美洲",
    "french": "Panama",
    "italian": "Panama",
    "spanish": "Panamá",
    "japanese": "パナマ",
    "russian": "Панама",
    "germen": "Panama"
},
{
    "abbr": "PY",
    "chinese": "巴拉圭",
    "code": "595",
    "english": "Paraguay",
    "spell": "balagui",
    "continent": "南美洲",
    "french": "Paraguay",
    "italian": "Paraguay",
    "spanish": "Paraguay",
    "japanese": "パラグアイ",
    "russian": "Парагвай",
    "germen": "Paraguay"
},
{
    "abbr": "PE",
    "chinese": "秘鲁",
    "code": "51",
    "english": "Peru",
    "spell": "milu",
    "continent": "南美洲",
    "french": "Pérou",
    "italian": "Perù",
    "spanish": "Perú",
    "japanese": "ペルー",
    "russian": "Перу",
    "germen": "Peru"
},
{
    "abbr": "PH",
    "chinese": "菲律宾",
    "code": "63",
    "english": "Philippines",
    "spell": "feilvbin",
    "continent": "亚洲",
    "french": "Philippines",
    "italian": "Filippine",
    "spanish": "Filipinas",
    "japanese": "フィリピン",
    "russian": "Филиппины",
    "germen": "Philippinen"
},
{
    "abbr": "PL",
    "chinese": "波兰",
    "code": "48",
    "english": "Poland",
    "spell": "bolan",
    "continent": "欧洲",
    "french": "Pologne",
    "italian": "Polonia",
    "spanish": "Polonia",
    "japanese": "ポーランド",
    "russian": "Польша",
    "germen": "Polen"
},
{
    "abbr": "PT",
    "chinese": "葡萄牙",
    "code": "351",
    "english": "Portugal",
    "spell": "putaoya",
    "continent": "欧洲",
    "french": "Portugal",
    "italian": "Portogallo",
    "spanish": "Portugal",
    "japanese": "ポルトガル",
    "russian": "Португалия",
    "germen": "Portugal"
},
{
    "abbr": "PR",
    "chinese": "波多黎各",
    "code": "1787",
    "english": "Puerto Rico",
    "spell": "boduolige",
    "french": "Porto Rico",
    "italian": "Porto Rico",
    "spanish": "Puerto Rico",
    "japanese": "プエルトリコ",
    "russian": "Пуэрто-Рико",
    "germen": "Puerto Rico"
},
{
    "abbr": "QA",
    "chinese": "卡塔尔",
    "code": "974",
    "english": "Qatar",
    "spell": "kataer",
    "continent": "亚洲",
    "french": "Qatar",
    "italian": "Qatar",
    "spanish": "Catar",
    "japanese": "カタール",
    "russian": "Катар",
    "germen": "Katar"
},
{
    "abbr": "RE",
    "chinese": "留尼旺",
    "code": "262",
    "english": "Reunion",
    "spell": "liuniwang",
    "french": "Réunion",
    "italian": "Riunione",
    "spanish": "Reunión",
    "japanese": "レユニオン",
    "russian": "воссоединение",
    "germen": "Réunion"
},
{
    "abbr": "RO",
    "chinese": "罗马尼亚",
    "code": "40",
    "english": "Romania",
    "spell": "luomaniya",
    "continent": "欧洲",
    "french": "Roumanie",
    "italian": "Romania",
    "spanish": "Rumania",
    "japanese": "ルーマニア",
    "russian": "Румыния",
    "germen": "Rumänien"
},
{
    "abbr": "RU",
    "chinese": "俄罗斯",
    "code": "7",
    "english": "Russia",
    "spell": "eluosi",
    "continent": "欧洲",
    "french": "Russie",
    "italian": "Russia",
    "spanish": "Rusia",
    "japanese": "ロシア連邦",
    "russian": "Россия",
    "germen": "Russland"
},
{
    "abbr": "RW",
    "chinese": "卢旺达",
    "code": "250",
    "english": "Rwanda",
    "spell": "luwangda",
    "continent": "非洲",
    "french": "Rwanda",
    "italian": "Ruanda",
    "spanish": "Ruanda",
    "japanese": "ルワンダ",
    "russian": "Руанда",
    "germen": "Ruanda"
},
{
    "abbr": "SM",
    "chinese": "圣马力诺",
    "code": "378",
    "english": "San Marino",
    "spell": "shengmalinuo",
    "continent": "欧洲",
    "french": "Saint-Marin",
    "italian": "San Marino",
    "spanish": "San Marino",
    "japanese": "サンマリノ",
    "russian": "Сан-Марино",
    "germen": "San Marino"
},
{
    "abbr": "SA",
    "chinese": "沙特阿拉伯",
    "code": "966",
    "english": "Saudi Arabia",
    "spell": "shatealabo",
    "continent": "亚洲",
    "french": "Arabie Saoudite",
    "italian": "Arabia Saudita",
    "spanish": "Arabia Saudí",
    "japanese": "サウジアラビア",
    "russian": "Саудовская Аравия",
    "germen": "Saudi-Arabien"
},
{
    "abbr": "SN",
    "chinese": "塞内加尔",
    "code": "221",
    "english": "Senegal",
    "spell": "saineijiaer",
    "continent": "非洲",
    "french": "Sénégal",
    "italian": "Senegal",
    "spanish": "Senegal",
    "japanese": "セネガル",
    "russian": "Сенегал",
    "germen": "Senegal"
},
{
    "abbr": "RS",
    "chinese": "塞尔维亚",
    "code": "381",
    "english": "Serbia",
    "spell": "saierweiya",
    "french": "Serbie",
    "italian": "Serbia",
    "spanish": "Serbia",
    "japanese": "セルビア",
    "russian": "Сербия",
    "germen": "Serbien"
},
{
    "abbr": "SL",
    "chinese": "塞拉利昂",
    "code": "232",
    "english": "Sierra Leone",
    "spell": "sailaliang",
    "french": "Sierra Leone",
    "italian": "Sierra Leone",
    "spanish": "Sierra Leone",
    "japanese": "シエラレオネ",
    "russian": "Сьерра-Леоне",
    "germen": "Sierra Leone"
},
{
    "abbr": "SG",
    "chinese": "新加坡",
    "code": "65",
    "english": "Singapore",
    "spell": "xinjiapo",
    "continent": "亚洲",
    "french": "Singapour",
    "italian": "Singapore",
    "spanish": "Singapur",
    "japanese": "シンガポール",
    "russian": "Сингапур",
    "germen": "Singapur"
},
{
    "abbr": "SK",
    "chinese": "斯洛伐克",
    "code": "421",
    "english": "Slovakia",
    "spell": "siluofake",
    "continent": "欧洲",
    "french": "Slovaquie",
    "italian": "Slovacchia",
    "spanish": "República Eslovaca",
    "japanese": "スロバキア",
    "russian": "Словакия",
    "germen": "Slowakei"
},
{
    "abbr": "SI",
    "chinese": "斯洛文尼亚",
    "code": "386",
    "english": "Slovenia",
    "spell": "siluowenniya",
    "french": "Slovénie",
    "italian": "Slovenia",
    "spanish": "Eslovenia",
    "japanese": "スロベニア",
    "russian": "Словения",
    "germen": "Slowenien"
},
{
    "abbr": "SO",
    "chinese": "索马里",
    "code": "252",
    "english": "Somalia",
    "spell": "suomali",
    "continent": "非洲",
    "french": "Somalie",
    "italian": "Somalia",
    "spanish": "Somalia",
    "japanese": "ソマリア",
    "russian": "Сомали",
    "germen": "Somalia"
},
{
    "abbr": "ZA",
    "chinese": "南非",
    "code": "27",
    "english": "South Africa",
    "spell": "nanfei",
    "continent": "非洲",
    "french": "Afrique du Sud",
    "italian": "Sud Africa",
    "spanish": "República de Sudáfrica",
    "japanese": "南アフリカ",
    "russian": "Южно-Африканская Республика (ЮАР)",
    "germen": "Republik Südafrika"
},
{
    "abbr": "ES",
    "chinese": "西班牙",
    "code": "34",
    "english": "Spain",
    "spell": "xibanya",
    "continent": "欧洲",
    "french": "Espagne",
    "italian": "Spagna",
    "spanish": "España",
    "japanese": "スペイン",
    "russian": "Испания",
    "germen": "Spanien"
},
{
    "abbr": "LK",
    "chinese": "斯里兰卡",
    "code": "94",
    "english": "Sri Lanka",
    "spell": "sililanka",
    "french": "Sri Lanka",
    "italian": "Sri Lanka",
    "spanish": "Sri Lanka",
    "japanese": "スリランカ",
    "russian": "Шри-Ланка",
    "germen": "Sri Lanka"
},
{
    "abbr": "SD",
    "chinese": "苏丹",
    "code": "249",
    "english": "Sudan",
    "spell": "sudan",
    "continent": "非洲",
    "french": "Soudan",
    "italian": "Sudan",
    "spanish": "Sudán",
    "japanese": "スーダン",
    "russian": "Судан",
    "germen": "Sudan"
},
{
    "abbr": "SR",
    "chinese": "苏里南",
    "code": "597",
    "english": "Suriname",
    "spell": "sulinan",
    "french": "Surinam",
    "italian": "Suriname",
    "spanish": "Surinam",
    "japanese": "スリナム",
    "russian": "Суринам",
    "germen": "Suriname"
},
{
    "abbr": "SZ",
    "chinese": "斯威士兰",
    "code": "268",
    "english": "Swaziland",
    "spell": "siweishilan",
    "french": "Swaziland",
    "italian": "Swaziland",
    "spanish": "Suazilandia",
    "japanese": "スワジランド",
    "russian": "Свазиленд",
    "germen": "Swasiland"
},
{
    "abbr": "SE",
    "chinese": "瑞典",
    "code": "46",
    "english": "Sweden",
    "spell": "ruidian",
    "continent": "欧洲",
    "french": "Suède",
    "italian": "Svezia",
    "spanish": "Suecia",
    "japanese": "スウェーデン",
    "russian": "Швеция",
    "germen": "Schweden"
},
{
    "abbr": "CH",
    "chinese": "瑞士",
    "code": "41",
    "english": "Switzerland",
    "spell": "ruishi",
    "continent": "欧洲",
    "french": "Suisse",
    "italian": "Svizzera",
    "spanish": "Suiza",
    "japanese": "スイス",
    "russian": "Швейцария",
    "germen": "Schweiz"
},
{
    "abbr": "SY",
    "chinese": "叙利亚",
    "code": "963",
    "english": "Syria",
    "spell": "xuliya",
    "continent": "亚洲",
    "french": "Syrie",
    "italian": "Siria",
    "spanish": "Siria",
    "japanese": "シリア・アラブ共和国",
    "russian": "Сирия",
    "germen": "Syrien"
},
{
    "abbr": "TW",
    "chinese": "中国台湾",
    "code": "886",
    "english": "Taiwan",
    "spell": "zhongguotaiwan",
    "continent": "亚洲",
    "french": "Taïwan",
    "italian": "Taiwan",
    "spanish": "Taiwán",
    "japanese": "台湾（中華民国）",
    "russian": "Тайвань",
    "germen": "Taiwan"
},
{
    "abbr": "TJ",
    "chinese": "塔吉克斯坦",
    "code": "992",
    "english": "Tajikstan",
    "spell": "tajikesitan",
    "continent": "亚洲",
    "french": "Tadjikistan",
    "italian": "Tagikistan",
    "spanish": "Tayikistán",
    "japanese": "タジキスタン",
    "russian": "Таджикистан",
    "germen": "Tadschikistan"
},
{
    "abbr": "TZ",
    "chinese": "坦桑尼亚",
    "code": "255",
    "english": "Tanzania",
    "spell": "tansangniya",
    "continent": "非洲",
    "french": "Tanzanie",
    "italian": "Tanzania",
    "spanish": "Tanzania",
    "japanese": "タンザニア",
    "russian": "Танзания",
    "germen": "Tansania"
},
{
    "abbr": "TH",
    "chinese": "泰国",
    "code": "66",
    "english": "Thailand",
    "spell": "taiguo",
    "continent": "亚洲",
    "french": "Thaïlande",
    "italian": "Tailandia",
    "spanish": "Tailandia",
    "japanese": "タイ",
    "russian": "Таиланд",
    "germen": "Thailand"
},
{
    "abbr": "TG",
    "chinese": "多哥",
    "code": "228",
    "english": "Togo",
    "spell": "duoge",
    "french": "Togo",
    "italian": "Togo",
    "spanish": "Togo",
    "japanese": "トーゴ",
    "russian": "Того",
    "germen": "Togo"
},
{
    "abbr": "TO",
    "chinese": "汤加",
    "code": "676",
    "english": "Tonga",
    "spell": "tangjia",
    "continent": "大洋洲",
    "french": "Tonga",
    "italian": "Tonga",
    "spanish": "Tonga",
    "japanese": "トンガ",
    "russian": "Тонга",
    "germen": "Tonga"
},
{
    "abbr": "TT",
    "chinese": "特立尼达和多巴哥",
    "code": "1868",
    "english": "Trinidad and Tobago",
    "spell": "telinidaheduobage",
    "french": "Trinité et Tobago",
    "italian": "Trinidad e Tobago",
    "spanish": "Trinidad y Tobago",
    "japanese": "トリニダード・トバゴ",
    "russian": "Тринидад и Тобаго",
    "germen": "Trinidad und Tobago"
},
{
    "abbr": "TN",
    "chinese": "突尼斯",
    "code": "216",
    "english": "Tunisia",
    "spell": "tunisi",
    "continent": "非洲",
    "french": "Tunisie",
    "italian": "Tunisia",
    "spanish": "Túnez",
    "japanese": "チュニジア",
    "russian": "Тунис",
    "germen": "Tunesien"
},
{
    "abbr": "TR",
    "chinese": "土耳其",
    "code": "90",
    "english": "Turkey",
    "spell": "tuerqi",
    "french": "Turquie",
    "italian": "Turchia",
    "spanish": "Turquía",
    "japanese": "トルコ",
    "russian": "Турция",
    "germen": "Türkei",
	"continent": "欧洲"
},
{
    "abbr": "TM",
    "chinese": "土库曼斯坦",
    "code": "993",
    "english": "Turkmenistan",
    "spell": "tukumansitan",
    "continent": "亚洲",
    "french": "Turkménistan",
    "italian": "Turkmenistan",
    "spanish": "Turkmenistán",
    "japanese": "トルクメニスタン",
    "russian": "Туркменистан",
    "germen": "Turkmenistan"
},
{
    "abbr": "VI",
    "chinese": "美属维尔京群岛",
    "code": "1340",
    "english": "U.S. Virgin Islands",
    "spell": "meishuweierjingqundao",
    "french": "Îles Vierges américaines",
    "italian": "Isole Vergini americane",
    "spanish": "Islas Vírgenes de EE.UU",
    "japanese": "米領バージン諸島",
    "russian": "Виргинские острова США",
    "germen": "US Jungferninseln"
},
{
    "abbr": "UG",
    "chinese": "乌干达",
    "code": "256",
    "english": "Uganda",
    "spell": "wuganda",
    "continent": "非洲",
    "french": "Uganda",
    "italian": "Uganda",
    "spanish": "Uganda",
    "japanese": "ウガンダ",
    "russian": "Уганда",
    "germen": "Uganda"
},
{
    "abbr": "UA",
    "chinese": "乌克兰",
    "code": "380",
    "english": "Ukraine",
    "spell": "wukelan",
    "continent": "欧洲",
    "french": "Ukraine",
    "italian": "Ucraina",
    "spanish": "Ucrania",
    "japanese": "ウクライナ",
    "russian": "Украина",
    "germen": "Ukraine"
},
{
    "abbr": "AE",
    "chinese": "阿拉伯联合酋长国",
    "code": "971",
    "english": "United Arab Emirates",
    "spell": "alabolianheqiuzhangguo",
    "continent": "亚洲",
    "french": "Émirats arabes unis",
    "italian": "Emirati Arabi Uniti",
    "spanish": "Emiratos Árabes Unidos",
    "japanese": "アラブ首長国連邦",
    "russian": "Объединённые Арабские Эмираты (ОАЭ)",
    "germen": "Vereinigte Arabische Emirate"
},
{
    "abbr": "GB",
    "chinese": "英国",
    "code": "44",
    "english": "United Kiongdom",
    "spell": "yingguo",
    "continent": "欧洲",
    "french": "Royaume-Uni",
    "italian": "Regno Unito",
    "spanish": "Reino Unido",
    "japanese": "イギリス",
    "russian": "Объединенное Королевство",
    "germen": "Vereinigtes Königreich"
},
{
    "abbr": "US",
    "chinese": "美国",
    "code": "1",
    "english": "USA",
    "spell": "meiguo",
    "continent": "北美洲",
    "french": "États-Unis",
    "italian": "Stati Uniti D\u0027America",
    "spanish": "Estados Unidos",
    "japanese": "アメリカ合衆国",
    "russian": "Соединенные Штаты Америки",
    "germen": "Vereinigte Staaten von Amerika"
},
{
    "abbr": "UY",
    "chinese": "乌拉圭",
    "code": "598",
    "english": "Uruguay",
    "spell": "wulagui",
    "continent": "南美洲",
    "french": "Uruguay",
    "italian": "Uruguay",
    "spanish": "Uruguay",
    "japanese": "ウルグアイ",
    "russian": "Уругвай",
    "germen": "Uruguay"
},
{
    "abbr": "UZ",
    "chinese": "乌兹别克斯坦",
    "code": "998",
    "english": "Uzbekistan",
    "spell": "wuzibiekesitan",
    "continent": "亚洲",
    "french": "Ouzbékistan",
    "italian": "Uzbekistan",
    "spanish": "Uzbekistán",
    "japanese": "ウズベキスタン",
    "russian": "Узбекистан",
    "germen": "Usbekistan"
},
{
    "abbr": "VA",
    "chinese": "梵蒂冈城",
    "code": "379",
    "english": "Vatican City",
    "spell": "fandigangcheng",
    "continent": "欧洲",
    "french": "voir Saint",
    "italian": "Santa Sede",
    "spanish": "Santa Sede",
    "japanese": "聖座",
    "russian": "Ватикан",
    "germen": "Heiliger Stuhl"
},
{
    "abbr": "VE",
    "chinese": "委内瑞拉",
    "code": "58",
    "english": "Venezuela",
    "spell": "weineiruila",
    "continent": "北美洲",
    "french": "Venezuela",
    "italian": "Venezuela",
    "spanish": "Venezuela",
    "japanese": "ベネズエラ・ボリバル共和国",
    "russian": "Венесуэла",
    "germen": "Venezuela"
},
{
    "abbr": "VN",
    "chinese": "越南",
    "code": "84",
    "english": "Vietnam",
    "spell": "yuenan",
    "continent": "亚洲",
    "french": "Viêt Nam",
    "italian": "Vietnam",
    "spanish": "Vietnam",
    "japanese": "ベトナム",
    "russian": "Вьетнам",
    "germen": "Vietnam"
},
{
    "abbr": "YE",
    "chinese": "也门",
    "code": "967",
    "english": "Yemen",
    "spell": "yemen",
    "continent": "亚洲",
    "french": "Yémen",
    "italian": "Yemen",
    "spanish": "Yemen",
    "japanese": "イエメン",
    "russian": "Йемен",
    "germen": "Jemen"
},
{
    "abbr": "YU",
    "chinese": "南斯拉夫",
    "code": "381",
    "english": "Yugoslavia",
    "spell": "nansilafu",
    "continent": "欧洲",
    "french": "Serbie",
    "italian": "Serbia",
    "spanish": "Serbia",
    "japanese": "セルビア",
    "russian": "Югославия",
    "germen": "Serbien"
},
{
    "abbr": "ZR",
    "chinese": "扎伊尔",
    "code": "243",
    "english": "Zaire",
    "spell": "zhayier",
    "continent": "非洲",
    "french": "Congo (Rép. dém.)",
    "italian": "Congo (Rep. Dem.)",
    "spanish": "Congo (Rep. Dem.)",
    "japanese": "コンゴ民主共和国",
    "russian": "Заир",
    "germen": "Kongo (Dem. Rep.)"
},
{
    "abbr": "ZM",
    "chinese": "赞比亚",
    "code": "260",
    "english": "Zambia",
    "spell": "zanbiya",
    "continent": "非洲",
    "french": "Zambie",
    "italian": "Zambia",
    "spanish": "Zambia",
    "japanese": "ザンビア",
    "russian": "Замбия",
    "germen": "Sambia"
},
{
    "abbr": "ZW",
    "chinese": "津巴布韦",
    "code": "263",
    "english": "Zimbabwe",
    "spell": "jinbabuwei",
    "continent": "非洲",
    "french": "Zimbabwe",
    "italian": "Zimbabwe",
    "spanish": "Zimbabue",
    "japanese": "ジンバブエ",
    "russian": "Зимбабве",
    "germen": "Simbabwe"
}]
